<?xml version='1.0' encoding='UTF-8' ?>
<timeLogEntries>
  <time id="1" path="/Proyecto/Juego de Gato/PSP0/Design" start="@1504811232602" delta="2" />
  <time id="2" path="/Proyecto/Juego de Gato/PSP0/Postmortem" start="@1504811348785" delta="8" />
  <time id="3" path="/Proyecto/Juego de Gato/PSP0/Planning" start="@1505156959191" delta="18" />
  <time id="4" path="/Proyecto/Juego de Gato/PSP0/Design" start="@1505158049376" delta="3" />
  <time id="5" path="/Proyecto/Empleados/PSP0/Planning" start="@1505328071660" delta="31" />
  <time id="6" path="/Proyecto/Empleados/PSP0/Design" start="@1505329945769" delta="13" />
  <time id="7" path="/Proyecto/Empleados/PSP0/Planning" start="@1505787647859" delta="1" />
  <time id="8" path="/Proyecto/CochinoDig/PSP0/Planning" start="@1505787715652" delta="19" />
  <time id="9" path="/Proyecto/CochinoDig/PSP0/Planning" start="@1505792920713" delta="35" interrupt="4" />
  <time id="10" path="/Proyecto/CochinoDig/PSP0/Design" start="@1506128569723" delta="55" />
  <time id="11" path="/Proyecto/CochinoDig/PSP0/Code" start="@1506131982324" delta="27" />
  <time id="12" path="/Proyecto/CochinitoYon/PSP0/Code" start="@1506192440296" delta="57" />
  <time id="13" path="/Proyecto/CochinitoYon/PSP0/Code" start="@1506232691174" delta="8" />
</timeLogEntries>
